{
  "dayRate": 0.0002739726,
  "startingAmount": 100,
  "startDate": {
    "year": 2019,
    "month": 7,
    "day": 1
  },
  "transactions": [
    [
      "256",
      "20",
      "20190703",
      "62.70000",
      "Books"
    ],
    [
      "257",
      "20",
      "20190708",
      "7.430000",
      "Jewelery"
    ],
    [
      "258",
      "20",
      "20190714",
      "20.80000",
      "Automotive"
    ],
    [
      "259",
      "20",
      "20190717",
      "7.970000",
      "Games"
    ],
    [
      "260",
      "20",
      "20190717",
      "64.27000",
      "Baby"
    ],
    [
      "261",
      "20",
      "20190726",
      "85.90000",
      "Shoes"
    ],
    [
      "262",
      "20",
      "20190731",
      "94.97000",
      "Grocery"
    ]
  ]
}